Offer Title,Offer Image,Offer Description,Expiry Date,Offer Link
FAST-TRACK YOUR SUMMER VACAY PLANS:,https://promos.makemytrip.com/appfest/2x/chiclet-card-BG-IH-StaysAroundTheWorld-080525.jpg,"Grab Up to 30% OFF* on international flights, hotels & homestays",06-04-2025,https://www.makemytrip.com/promos/travel-around-world-sale-020625.html?detail_image=no
FOR YOUR RAIN-KISSED GOA GETAWAY:,https://promos.makemytrip.com/appfest/2x/Goa-Monsoon-bg.jpg,"Grab Up to 35% OFF* on flights, stays, holiday packages, buses, trains...",06-03-2025,https://www.makemytrip.com/promos/goa-tourism-deals-01062025.html?detail_image=no
Book Ginger Hotels & Enjoy,https://promos.makemytrip.com/appfest/2x/ginger-bg-01052025.jpg,FLAT 10% Savings* on Stays + FREE* Breakfast,06/30/2025,https://www.makemytrip.com/promos/ginger-hotels-offer-010525.html?detail_image=no
THE HILLS ARE CALLING YOU:,https://promos.makemytrip.com/appfest/2x/BG-Northern-Hill-181023.jpg,Grab Up to 40% OFF* on your hilly stays,06-07-2025,https://www.makemytrip.com/promos/mountain-lovers-deals-270525.html?detail_image=no
Enjoy Up to 30% OFF* on Stays,https://promos.makemytrip.com/notification/xhdpi/116X116-Lalit-24062022.jpg,at the LaLiT and enjoy Luxury at it's Best,06/17/2025,https://www.makemytrip.com/hotels/hotel-listing/?_uCurrency=INR&checkin=date_7&checkout=date_8&city=SFALLLA&country=IN&locusId=SFALLLA&locusType=storefront&roomStayQualifier=2e0e&searchText=All%20The%20Lalit%20Groups%20Properties%20in%20India&type=storefront&detail_image=no
For Your Rajasthan Getaway:,https://promos.makemytrip.com/appfest/2x/rajasthan-bg-04032025.jpg,Hotels Starting @ ?999*. Offer valid till 30th June.,06/30/2025,https://www.makemytrip.com/hotels/hotel-listing/?_uCurrency=INR&checkin=date_7&checkout=date_8&city=SFHOTE&country=IN&locusId=SFHOTE&locusType=storefront&roomStayQualifier=2e0e&searchText=All%20Hotels%20starting%20999%20Properties%20in%20India&type=storefront&detail_image=no
For You: MakeMyTrip ICICI Bank Credit Card!,https://promos.makemytrip.com/appfest/2x/ICICI-Travel-card-chiclet-BG.jpg,The ultimate travel card with unlimited rewards that never expire.,11/30/2025,https://www.makemytrip.com/promos/mmt-icici-cards.html
Hotels in Spotlight:,https://promos.makemytrip.com/appfest/2x/Spotlight-Hotels-bg-240325.jpg,Luxury Stays Chosen by our Experts for your next relaxing break!,06-06-2025,https://www.makemytrip.com/promos/iconic-hotel-offer-090525.html?detail_image=no
Grab up to 30% OFF*,https://promos.makemytrip.com/appfest/2x/Justa-03032023.jpg,at j?Ta Hotels & Resorts!,06-05-2025,https://www.makemytrip.com/promos/dh-justa-14032023.html?detail_image=no
Up to 15% OFF*,"https://promos.makemytrip.com/appfest/2x/bg-hdfc-20112023.jpg,https://promos.makemytrip.com/appfest/hdpi/hdfc.png",on domestic & international hotels,06/30/2025,https://www.makemytrip.com/promos/hdfc-hotels-emi-offer-110624.html?detail_image=no
Up to 25% OFF* + INTEREST-FREE* EMI,https://promos.makemytrip.com/appfest/2x/federal-bg-16052024.jpg,"on flights, hotels & holiday packages.",06/30/2025,https://www.makemytrip.com/promos/federal-offer-050624.html?detail_image=no
Save Big with Sarovar Hotels & Resorts!,https://promos.makemytrip.com/appfest/2x/BG-Sarovar-Hotels-Sale-030423.jpg,Grab up to 40% OFF* on your stay.,06-08-2025,https://www.makemytrip.com/promos/dh-sarovar-sale-050423.html?detail_image=no
Grab Up to 40% OFF*,https://promos.makemytrip.com/appfest/2x/regional-sale-bg-29072024.jpg,on Premium Hotels in India.,06-04-2025,https://www.makemytrip.com/promos/dh-regional-sale-01082024.html?detail_image=no
Enjoy Power-packed Deals for Your Next Trip:,https://promos.makemytrip.com/appfest/2x/rupay-offer-06012023.jpg,Up to 15% OFF* on Flights & Hotels.,06/30/2025,https://www.makemytrip.com/promos/rupay-offers-07012023.html?detail_image=no
WITH VISA SIGNATURE CREDIT CARDS:,https://promos.makemytrip.com/appfest/2x/visa-signature-bg-26032025.jpg,Enjoy Exclusive Benefits,12/31/2025,https://www.makemytrip.com/promos/visa-signature-credit-cards-offer-280325.html?detail_image=no
FLAT 15% OFF*,https://promos.makemytrip.com/appfest/2x/ih-bg-13052024.jpg,on International Hotels!,12/30/2025,https://www.makemytrip.com/promos/ih-offer-100524.html?detail_image=no
Travel Across the Country with Up to 15% OFF*,"https://promos.makemytrip.com/appfest/2x/j-and-k-bg-190202025.jpg,https://promos.makemytrip.com/appfest/hdpi/one-card-20x20-18012024.png",on Domestic Flights & Hotels.,06/30/2025,https://www.makemytrip.com/promos/jk-bank-offer-190225.html?detail_image=no
Grab FLAT 15% OFF* on Flights & Hotels,"https://promos.makemytrip.com/appfest/2x/federal-bg-25032025.jpg,https://promos.makemytrip.com/images/federal-65x65-28052019.png",TRAVEL SMART & SAVE BIG.,06/27/2025,https://www.makemytrip.com/promos/federal-bank-offer-250325.html?detail_image=no
Grab Up to 35% OFF* on,"https://promos.makemytrip.com/appfest/2x/hsbc-bg-27122023.jpg,https://promos.makemytrip.com/appfest/hdpi/hsbc.png","domestic + international flights, hotels & holiday packages for a memo...",06/28/2025,https://www.makemytrip.com/promos/hsbc-offers-01012023.html?detail_image=no
For Worry-free Travel: Grab Up to 30% OFF*,"https://promos.makemytrip.com/appfest/2x/idfc-05012023.jpg,https://promos.makemytrip.com/appfest/hdpi/idfc-20x20-18012024.png","+ 3- & 6-months interest-free EMI on flights, stays and holiday packag...",06/30/2025,https://www.makemytrip.com/promos/idfc-nce-07012023.html?detail_image=no
Get Up to 35% OFF* + Interest-free EMI,"https://promos.makemytrip.com/appfest/2x/hsbc-bank-bg-04042024.jpg,https://promos.makemytrip.com/appfest/hdpi/hsbc.png","on flights, hotels & holiday packages for your next refreshing break.",06/30/2025,https://www.makemytrip.com/promos/hsbc-emi-offers-apr22.html?detail_image=no
Avail Interest FREE* EMI + Up to 35% OFF*,"https://promos.makemytrip.com/appfest/2x/bob-offer-bg-28062023.jpg,https://promos.makemytrip.com/notification/xhdpi/fav-BoB-15032023.jpg","on flights, stays & holiday packages for your trips in India & abroad!",06/27/2025,https://www.makemytrip.com/promos/bob-nce-01012023.html?detail_image=no
Grab Up to 35% OFF* + Interest-FREE* EMI,",https://promos.makemytrip.com/appfest/hdpi/rbl.png","on domestic & international flight, stays and holiday packages!",06/30/2025,https://www.makemytrip.com/promos/rbl-nce-07072023.html?detail_image=no
Make Your Travel Dreams Come True with Up to 25% OFF*,"https://promos.makemytrip.com/appfest/2x/sbi-116x116-06122024.jpg,https://go-assets.ibcdn.com/u/MMT/images/1743054056994-sbi_card_logo_2.png","on flights, hotels, holiday packages, cabs & buses.",06/30/2025,https://www.makemytrip.com/promos/sbi-offer-061224.html?detail_image=no
Grab up to 15% OFF*,https://promos.makemytrip.com/appfest/2x/rupay-offer-06012023.jpg,"on domestic & international flights + hotels, outstation cabs & buses.",06-06-2025,https://www.makemytrip.com/promos/pnb-offers-04092022.html?detail_image=no
"Grab Upto 17% OFF on 3, 4 & 5-Star Stays in India","https://promos.makemytrip.com/appfest/2x/dh-bg-30062023.jpg,https://promos.makemytrip.com/appfest/hdpi/icici.png","& treat yourself to a refreshing, luxurious break.",06-09-2025,https://www.makemytrip.com/promos/dh-icici-02012023.html?detail_image=no
Grab up to 15% OFF*,"https://promos.makemytrip.com/appfest/2x/BG-Canara01-29092022.jpg,https://promos.makemytrip.com/images/canarabank-28Jul.png","on flights, hotels, homestays & bus.",06-03-2025,https://www.makemytrip.com/promos/canara-bank-offers-220723.html?detail_image=no
GOOD NEWS FOR YOUR NEXT TRIP:,"https://promos.makemytrip.com/appfest/2x/amex-bg-14072023.jpg,https://promos.makemytrip.com/appfest/hdpi/amex.png","Grab up to 20% OFF* on flights, hotels & holiday packages!",06-07-2025,https://www.makemytrip.com/promos/amex-nce-16072023.html?detail_image=no
